{"xd": [[97.6, 322.0, 500.0, 233.8, 522.0, 6.5, 8.53, 320.0, 329.0, 158.0, 680.0, 274.0, 247.5, 308.6, 224.0, 139.0, 281.0, 206.0, 283.5, 9.2, 1104.0, 210.0, 210.0, 210.0, 210.0, 210.0, 210.0]], "xd_std": [[14.639999999999999, 48.3, 75.0, 35.07, 78.3, 0.975, 1.2794999999999999, 48.0, 49.35, 23.7, 102.0, 41.1, 37.125, 46.29, 33.6, 20.849999999999998, 42.15, 30.9, 42.525, 1.38, 165.6, 63.0, 63.0, 63.0, 63.0, 63.0, 63.0]], "u": [[501.3906177402845, 501.39061774043813, 501.3906177404082, 501.3906177403333, 490.78748010492035, 501.3906177404272, 497.6124250701447, 496.095770642255, 501.39061774044046, 501.39061774034826]], "alpha": [[0.11885058554464553, 0.11885058554621733, 0.11885058554587527, 0.11885058554493011, 0.017268175027113242, 0.11885058554562733, 0.0826539490352617, 0.06812377711796327, 0.11885058554613437, 0.11885058554623194]]}