{"xd": [[90.0, 100.0, 125.0, 50.0, 30.0]], "xd_std": [[13.5, 15.0, 18.75, 15.0, 9.0]], "u": [[61.502444528019375, 101.94433997743411, 71.55321549454655]], "alpha": [[0.313275667544023, 0.4054155697631758, 0.2813087626928013]]}