{"xd": [[97.6, 322.0, 500.0, 233.8, 522.0, 6.5, 8.53, 320.0, 329.0, 158.0, 680.0, 274.0, 247.5, 308.6, 224.0, 139.0, 281.0, 206.0, 283.5, 9.2, 1104.0, 210.0, 210.0, 210.0, 210.0, 210.0, 210.0]], "xd_std": [[14.639999999999999, 48.3, 75.0, 35.07, 78.3, 0.975, 1.2794999999999999, 48.0, 49.35, 23.7, 102.0, 41.1, 37.125, 46.29, 33.6, 20.849999999999998, 42.15, 30.9, 42.525, 1.38, 165.6, 63.0, 63.0, 63.0, 63.0, 63.0, 63.0]], "u": [[501.39061773928915, 501.3906177394289, 501.390617739396, 501.390617739307, 490.78748010493644, 501.39061773936953, 497.6124250813896, 496.09577063802584, 501.39061773942075, 501.39061773943644]], "alpha": [[0.11885058553504071, 0.11885058553653934, 0.11885058553620348, 0.11885058553530532, 0.01726817502708349, 0.11885058553596428, 0.0826539491435677, 0.06812377707728459, 0.11885058553645719, 0.11885058553655384]]}