{"xd": [[90.0, 100.0, 125.0, 50.0, 30.0]], "xd_std": [[13.5, 15.0, 18.75, 15.0, 9.0]], "u": [[61.502444527014404, 101.94433998233347, 71.55321549065212]], "alpha": [[0.3132756677951571, 0.4054155690594339, 0.2813087631454091]]}