{"x": [[356.1815949922759, 364.81817289670744, 359.69954081709704, 350.8908075772233, 350.33558222964393, 351.0458319661797, 347.13224206734213, 346.70412199029766, 358.2278473542175, 355.5841870219463, 353.9873602972078, 355.715232099114, 355.378276627634, 354.85625751149206, 359.14142994060154, 363.1393740039684, 362.7644917791387, 361.1509619193858, 365.2008238796033, 343.5189281671918, 362.0541340786988, 367.103356722256, 365.0637470128678, 366.0388395155253, 366.63605094004316, 368.2803183616521, 363.86502199547385, 368.5564983899724, 368.4163962287334, -127.01403446076176, -154.70856187160976, -129.23521101128577, -48.61582239697468, -139.83906264266955, -99.3563376689339, -42.34900619568939, 27.04760410490183, 107.84694303381055, 100.4989190604541, -468.230545966306, 371.99331236395443, 393.1831000404998, -157.22463186515282, 149.64784500989114, -80.43540813524359, -16.173383820086052, -334.79488142379097, -471.07800833058536, 454.6831173373425, 534.7759783478531, -489.54297693216887, 300.1640238586792, 230.87957870954705, 231.4870111689469, 374.52167632367446, 127.05130237694704, 219.13033302864085, -116.73877609417733, -227.1897116493418, 330.4670201418587, -305.998635414679, -352.6796228213412, -229.37692837915546, 238.97069026450856, 90.31710612208505, -627.6692198012674, 81.5956733304014, 330.64139616298337, -496.4834686793125, 111.66449377435231, 190.83819559410856, -84.52742867398011, -134.14428477979155, -291.35722633378884]], "s": [[3.3717719596682993, 2.1472806081038254, 3.3699472625418565, 6.310462802110364, 5.504169387328503, 4.892915772122001, 7.024657368460456, 7.5754414573338895, 2.3298650937064025, 3.3838519491326196, 4.086788275298733, 10.514244464498052, 3.9856680252670027, 4.902061139793308, 6.370964143033194, 3.501998558907418, 3.2300837145247074, 3.318582735881473, 0.7088563385947905, 0.9163400202258708, 2.9246763547457726, 1.1778101784330646, 1.2541610362976086, 3.980648981837895, 0.7968509456667935, 1.9041893477474838, 3.2020784472581996, 1.4299025428889263, 1.2785339952628085, 702.1760760595753, 814.2349738589255, 778.6537084392124, 279.47604761161705, 245.99333865594426, 608.990178131508, 233.59399298655487, 166.16400870346686, 465.794327676226, 2832.6005817884798, 6194.389963236609, 6082.988441442532, 3646.1904370692732, 3073.383734426747, 3349.718745238863, 3632.904455208973, 4136.030141945549, 1543.4164378284263, 1938.1432586355245, 2840.093751228176, 2331.7791633298475, 2610.363193565355, 2255.865439342441, 5754.83283402522, 6003.833744275068, 2011.1123334265205, 1582.7177855113755, 3033.113050204081, 5872.832521935709, 7487.901279162746, 8325.364248823096, 10321.667354812878, 3390.2737010901224, 5410.8987695379865, 3692.202044149318, 3505.128533567878, 2697.4063242302777, 951.3202624169197, 1236.80843992221, 731.8383589855387, 2103.447225248418, 3043.425953860854, 1721.7043918992572, 1517.0056740329169, 1599.7478704822436]], "u": [[501.3906177402845, 501.39061774043813, 501.3906177404082, 501.3906177403333, 490.78748010492035, 501.3906177404272, 497.6124250701447, 496.095770642255, 501.39061774044046, 501.39061774034826]], "alpha": [[0.11885058554464553, 0.11885058554621733, 0.11885058554587527, 0.11885058554493011, 0.017268175027113242, 0.11885058554562733, 0.0826539490352617, 0.06812377711796327, 0.11885058554613437, 0.11885058554623194]], "trace_covar": 93793.70949524999}