,Pg0,Pg1,Pg2,Load_P1,Load_P2,Load_P3,Load_Q1,Load_Q2,Load_Q3,RS_P1,RS_P2,RS_Q1,RS_Q2,P0,P1,P2,P3,P4,P5,P6,P7,P8,Q0,Q1,Q2,Q3,Q4,Q5,Q6,Q7,Q8,U0,U1,U2,U3,U4,U5,U6,U7,U8,Ud0,Ud2,Ud2,Ud3,Ud4,Ud5,Ud6,Ud7,Ud8,P_03,P_34,P_45,P_25,P_56,P_67,P_71,P_78,P_83
0,61.502444528061694,101.94433997740587,71.55321549453242,90.0,100.0,125.0,30.0,35.0,50.0,50.0,30.0,15.0,10.0,-64.84911568034732,-101.94433997740589,-71.55321549453242,-50.0,90.0,-30.0,100.0,0.0,125.0,-3.381188789511498,-1.9541886997917572,16.785059358302988,-15.0,30.0,-10.0,35.0,0.0,50.0,1.0,0.9999999999999998,1.0,0.9987511786739796,0.9869951778210053,1.0107061777285522,0.9916714755507853,1.0008088649522515,0.9704105970372058,0.0,2.971152550701749,2.6902211851089546,-2.143350347202001,-4.353747330966101,0.3125645409010486,-2.629350526677709,-0.6789782920663004,-5.627861804722286,64.84911568034732,42.384468948173605,-47.927281555377846,71.55321549450423,52.70605819690364,-47.64095263216863,-101.9443399773398,54.10392990265,-71.86577002475934
