{"x": [[356.24358662240445, 364.14416544190107, 358.6557184662326, 349.80016290740264, 349.4131950243507, 350.50413776477455, 346.2579723874162, 345.8789970507692, 358.05606109065616, 354.5802583908299, 352.9710530850479, 353.73717296570624, 354.21883903635967, 353.56889051266086, 357.23288977168687, 361.5811022758544, 361.35369842816186, 359.8649104212108, 364.48421978595474, 342.9849679553958, 360.70917865440765, 366.4784964635773, 364.3018869894762, 364.3438349801163, 365.8746811051228, 367.15324156449975, 362.56423277061765, 367.54949919212066, 367.4601997840237, -142.3144375275404, -173.9450428117528, -144.45510190942636, -63.1737926920843, -150.46595952431306, -116.32587518162057, -56.90995479971218, 14.426038315612539, 89.13580813037468, 104.27467225793278, -468.14709212642157, 371.9107254114185, 393.34267428894856, -156.63057716606494, 148.79038529852068, -80.00085029546572, -17.023488660273387, -334.82289783668193, -471.67835294888334, 454.46503207612227, 534.6662092321991, -489.2520031396425, 300.04893419408876, 230.61372130473677, 231.35655259736097, 373.94006785905333, 127.63268603168724, 219.71645401706422, -115.99924156883435, -226.37523095889273, 329.7810869965321, -304.96332153516533, -352.4931885519491, -229.10281295153464, 238.31992275241836, 90.3042828724326, -627.5225954940715, 81.63620079001143, 330.5337992825187, -496.33981077914933, 112.02990057677015, 190.94860451639778, -84.52707813428881, -134.16935731908512, -291.3342880474026]], "s": [[4.153634350036413, 6.255021769150799, 12.8050400247614, 19.52322381729834, 16.724721397798433, 31.607238714573207, 19.405787797897474, 19.518666840000844, 2.8906307202351647, 11.579837986943017, 13.54586783131623, 27.11563367233449, 13.884867816510518, 17.193912996429276, 20.347028645207217, 13.542587590672378, 13.672278493555694, 13.93986211497304, 3.2673569593897187, 2.5875349942661043, 12.1503667211553, 10.803078812884264, 12.161881116806136, 12.827823182318612, 3.810095735597249, 18.25832461906865, 13.132713040684257, 5.566955026098354, 3.7441192717641654, 2462.3499068341603, 3165.150602272298, 3021.5256475100377, 1305.3095052765468, 886.1127628852901, 5801.581062212695, 1384.897029879392, 1004.6165910495482, 1444.9660960659162, 2730.226347082078, 6194.720670958097, 6083.319510948518, 3662.475959152647, 3080.4190663681175, 3361.6330194780867, 3636.5053721182016, 4153.372591172249, 1545.8752579547768, 1954.148287379982, 2839.4651505815436, 2331.4743482393637, 2619.010565700999, 2255.336386877936, 5752.588382050505, 6003.45995951765, 2017.4066369443315, 1589.0241453857586, 3040.4789323737327, 5883.341119803622, 7498.971006790949, 8324.845642775994, 10326.639965696595, 3392.339309917751, 5411.319703938598, 3693.396808052994, 3505.8081858419423, 2698.72044717534, 951.481255394305, 1236.8071647310926, 732.0421879419708, 2104.992335711853, 3044.0687996258057, 1721.975561453558, 1517.2734889109047, 1599.946190134402]], "u": [[501.3906177434449, 501.3906177435972, 501.39061774356077, 501.390617743469, 490.7874801049355, 501.3906177435359, 497.6124250480204, 496.09577064224686, 501.39061774358817, 501.3906177436017]], "alpha": [[0.118850585574966, 0.11885058557641924, 0.11885058557608387, 0.11885058557520956, 0.01726817502709187, 0.11885058557584632, 0.08265394882366296, 0.06812377711794944, 0.11885058557633715, 0.11885058557643374]], "trace_covar": 93793.70949524999}