{"x": [[356.24358662240456, 364.144165441901, 358.6557184662325, 349.8001629074028, 349.4131950243506, 350.15756089588984, 346.2579723874163, 345.8789970507692, 358.0560610906571, 354.5802583908299, 352.97105308504797, 353.73717296570624, 354.21883903635984, 353.5688905126608, 357.2328897716868, 361.5811022758544, 361.3536984281618, 359.86491042121065, 364.48421978595445, 342.9849679553957, 360.7091786544076, 366.1030479243998, 364.0527203038956, 364.3438349801163, 365.87468110512305, 367.15324156450055, 362.6170839232483, 367.5494991921208, 367.46019978402353, -142.31443752755848, -173.94225153372247, -144.4551019094264, -63.17379269208416, -150.46595952431542, -122.01653720644177, -56.90995479971332, 14.426038315616097, 89.13580813037422, 104.27467225793382, -451.63792203437526, 352.97564942083665, 419.76847977299116, -153.07063981386938, 154.3906278358152, -61.42260402059881, -29.81069166520172, -317.59352457356204, -474.93904578335486, 446.59240030254176, 530.5326626921288, -457.41301523715305, 292.0242719406764, 211.06270176710157, 203.15347470300568, 362.897573373355, 145.23192437636325, 219.54224843252845, -98.54919432601548, -249.20974592385096, 316.3690216072142, -339.94117122082923, -352.44432200231967, -206.05398186681958, 220.74531825193571, 94.72619986819173, -628.7348031615898, 70.7131439298788, 337.8122759539985, -516.5836606011676, 138.63030065909138, 189.2329377373514, -70.91911397347957, -120.76037677167142, -278.61972246603096]], "s": [[4.153634297450376, 6.25502176966468, 12.805040026658926, 19.523223819080588, 16.724721398767397, 15.322382136310596, 19.405787798851893, 19.518666840899677, 2.890629619504769, 11.579837987877294, 13.545867832275809, 27.11563367383788, 13.884867817763705, 17.193912998540657, 20.347028650877842, 13.542587594385147, 13.672278496734107, 13.939862117640667, 3.267356960455629, 2.587534907489368, 12.150366724637209, 5.245866435250394, 5.908217002982343, 12.827823185664434, 3.810095553048897, 18.258324703197538, 27.1535864059746, 5.56695501963014, 3.7441192679285424, 2462.350705954441, 6543.382641689954, 3021.525647680127, 1305.3095057169085, 886.1126830644255, 2807.035371768175, 1384.8970305494313, 1004.616485651259, 1444.9660947419522, 2730.226229009936, 3640.8029579372487, 2854.390625832735, 6793.226908982001, 2889.407241408754, 2308.6214515730007, 2028.9097242722946, 1953.3630615813215, 1266.9602021842627, 10241.05087797529, 2435.796249609822, 3490.2530298615625, 3060.625939530191, 1319.0862181634413, 2319.080576774578, 2250.7831712727257, 2466.930120421188, 3477.0180898110048, 3314.250090342108, 3284.48619261714, 4963.173029856924, 7743.692806211269, 11379.621024928198, 4618.502503291745, 4816.323512761451, 2106.745704759717, 3094.476202351884, 7555.021915326595, 2426.6685342965507, 3041.9211366212726, 8649.680814106492, 2658.965166547561, 3068.5059733697863, 1371.5314103527787, 1347.8242073428235, 1753.2665229003833]], "u": [[501.3906177376458, 501.3906177489827, 501.3906177494656, 501.3906177499515, 490.78748010594387, 501.3906177499401, 497.61242505594, 496.0957706041008, 501.3906177490563, 501.3906177489738]], "alpha": [[0.11885058552203832, 0.11885058564013483, 0.11885058564332733, 0.11885058564415148, 0.01726817500481699, 0.11885058564681088, 0.08265394889065422, 0.06812377672745977, 0.1188505856404995, 0.11885058564010673]], "trace_covar": 93793.70949524999}