{"x": [[345.3740723226098, 341.26745098025714, 348.7670791490737, 341.91757242974796, 345.16341157902605, 336.00270227412796, 0.6862876885325588, -2.5549083550710443, 18.76411720434232, 42.0696298176562, -48.282475903589216, 52.40793960805452, -47.42979739278893, 54.28530417915988, -70.84179586258325]], "s": [[5.075388065568931, 15.508282569882782, 2.472985102629552, 4.965977140198028, 1.994695920852882, 27.840594514697997, 143.22642276372295, 59.74137940062202, 44.32392926267507, 105.06799703514984, 88.72649493705224, 61.92101182576331, 93.98786512791857, 134.5939916541582, 136.74226634982335]], "u": [[61.5024445280223, 101.94433997743299, 71.55321549454472]], "alpha": [[0.31327566754402775, 0.405415569763172, 0.28130876269280025]], "trace_covar": 1064.8125}