{"x": [[345.37407232261023, 341.2674509802573, 348.7670791490731, 341.9175724297483, 345.1634115790264, 336.00270227412756, 0.6862876885352329, -2.554908355066931, 18.764117204341098, 42.15492126787731, -43.261068573298, 49.494348000209406, -44.725882113068195, 48.91610409479028, -72.6021921939985]], "s": [[5.072087720802474, 15.48759374296334, 2.469477802923824, 4.966665847125707, 1.9950771727929084, 27.773351274665423, 143.16989018270613, 59.79736161770921, 44.317882569375925, 70.1969890358987, 77.69343020655232, 92.4720893981644, 123.56384914033032, 174.20531614117974, 126.20212270674878]], "u": [[61.50244452804777, 101.9443399774116, 71.55321549454064]], "alpha": [[0.31327566754160235, 0.40541556976460763, 0.28130876269379]], "trace_covar": 1064.8125}