{"x": [[344.6178650558013, 340.57374744191236, 348.75920899260746, 342.2358429355156, 345.3666051856188, 334.86968712732, -2.9999098199854983, -1.5636153941060904, 17.111347240339356, 41.277319783882916, -48.86269085433174, 52.60611831975172, -47.53920208431374, 55.22525807680127, -70.3598796066025]], "s": [[3.827342681506487, 8.69474980771869, 1.1192952194321555, 4.386653448219469, 1.531324261813485, 16.113258476804766, 103.93955447991482, 42.82045427624338, 31.148524360298147, 103.59477704652979, 81.45608724802646, 62.09125756909958, 102.3554190666843, 134.4146004020052, 135.11637166404873]], "u": [[61.50244452801944, 101.94433997743411, 71.55321549454648]], "alpha": [[0.313275667544023, 0.4054155697631758, 0.2813087626928013]], "trace_covar": 1064.8125}