{"A": [[0.06967897910278724, -0.291660621367248, -0.5454796577949803, 0.7942170134574512, 0.3964496809075101, 0.05420526257613502, 0.0706478514074138, -0.5445107854903541], [0.06996198334414487, -0.2913776171258902, -0.5451966535536227, -0.20606992590142817, 0.3961627415486304, 0.053918323217256175, 0.0709347907662932, -0.544223846131475], [0.09101968370040199, -0.2703199167696338, 0.4758610468026334, -0.22742042938047682, 0.3748122380695821, 0.03256781973820684, 0.09228529424534232, 0.47712665734757415], [-0.06054877351124627, -0.42188837398128043, 0.32429258959098756, -0.07374444300668959, -0.4715117755566307, 0.18624380611199431, -0.061390692128445584, 0.32345067097378727], [-0.050952908224345284, 0.5877074913056195, 0.3338884548778873, -0.08347373688618817, -0.48124106943612954, 0.17651451223249556, -0.05166139824894728, 0.3331799648532859], [-0.25297942362953385, 0.3856809759004316, 0.13186193947269942, 0.1213619169147778, -0.2764054156351631, -0.6186498339665383, -0.2564970520499134, 0.1283443110523203]], "b": [4.263256414560601e-14, 6.394884621840902e-14, -2.842170943040401e-14, -2.1316282072803006e-14, -2.842170943040401e-14, -7.105427357601002e-14]}